player_id,tournament_id,last5_score,par5_birdie_pct,history_sg_short_game,first_year,last3_score,top_25_pct,recent_finish_std,international_wins,par4_avg,recent_avg_score,top_quartile_count,top10,history_best_sg_value,win_rate,wins,top_10_pct,history_sg_app,top_10,back_nine_par_pct,history_sg_atg,most_recent_position,front_nine_par_pct,last2_score,front_nine_birdie_pct,recent_top10,scoring_variability,top_25,score,eagles,birdies_per_round,approach_rank_best,recent_top5,top3
24502,R2025016,-17.0,87.5,,2000.0,-7.0,0.3333333333333333,6.144916598294887,14.0,3.8181818181818183,-10.8,0.0,1,,,,0.0,,0.0,52.77777777777778,,,44.44444444444444,-11.0,41.66666666666667,4.0,0.701970176236504,2.0,33.0,0.0,7.25,43.0,3.0,0
25493,R2025016,-1.0,43.75,,2008.0,-4.0,0.5,12.229290885229428,0.0,4.0,-4.8,0.0,0,,,,0.25,,2.0,72.22222222222221,,,55.55555555555556,-7.0,25.0,0.0,0.7535777990476679,4.0,25.0,2.0,4.0,31.0,0.0,0
27064,R2025016,-16.0,75.0,,2003.0,-12.0,0.14285714285714285,19.30511590226798,1.0,3.7954545454545454,-7.0,1.0,1,,,,0.14285714285714285,,1.0,50.0,,,50.0,1.0,41.66666666666667,0.0,0.7206706579174003,1.0,38.0,1.0,7.25,24.0,0.0,0
27644,R2025016,-5.0,43.75,,2004.0,-3.0,0.3333333333333333,14.065560778013793,0.0,4.136363636363637,-4.8,0.0,0,,,,0.0,,0.0,63.888888888888886,,,50.0,-9.0,22.22222222222222,0.0,0.9114769867306542,3.0,33.0,1.0,4.0,30.0,0.0,0
28089,R2025016,-12.0,62.5,,2006.0,1.0,0.5,9.66229786334493,0.0,3.8863636363636362,-7.2,2.0,0,,,,0.3333333333333333,,2.0,77.77777777777779,,,66.66666666666666,1.0,27.77777777777778,2.0,0.5887574778821314,3.0,21.0,0.0,4.25,21.0,0.0,0
29420,R2025016,-7.0,62.5,,2006.0,-10.0,0.4,8.328265125462805,2.0,3.977272727272727,-7.8,2.0,0,,,,0.2,,2.0,69.44444444444444,,,61.111111111111114,-4.0,27.77777777777778,3.0,0.6868995457237491,4.0,33.0,0.0,4.5,53.0,1.0,0
29535,R2025016,-6.0,50.0,,2012.0,-1.0,0.125,11.0,0.0,3.977272727272727,-2.6,3.0,0,,,,0.0,,0.0,61.111111111111114,,,75.0,0.0,16.666666666666664,0.0,0.807704488950661,1.0,18.0,0.0,4.25,4.0,0.0,0
29725,R2025016,10.0,37.5,,2007.0,-8.0,0.42857142857142855,4.301162633521313,0.0,3.840909090909091,-4.0,4.0,1,,,,0.14285714285714285,,1.0,58.333333333333336,,,77.77777777777779,-5.0,16.666666666666664,0.0,0.7597823178904796,3.0,15.0,2.0,4.75,7.0,0.0,0
30926,R2025016,-1.0,50.0,,2007.0,-3.0,0.125,14.788086421170252,0.0,3.8181818181818183,-4.2,0.0,0,,,,0.0,,0.0,47.22222222222222,,,69.44444444444444,-12.0,25.0,1.0,0.7494129157613039,1.0,36.0,1.0,5.25,47.0,0.0,0
32070,R2025016,-4.0,37.5,,2008.0,1.0,0.0,,0.0,3.909090909090909,-2.4,0.0,0,,,,0.0,,0.0,50.0,,,69.44444444444444,-19.0,22.22222222222222,1.0,0.9344728121351195,0.0,49.0,0.0,4.75,57.0,1.0,0
32757,R2025016,-18.0,62.5,,2008.0,0.0,0.0,22.55363976538303,0.0,4.0,-5.6,2.0,0,,,,0.0,,0.0,66.66666666666666,,,61.111111111111114,-1.0,25.0,0.0,0.65661435410418,0.0,28.0,2.0,4.25,11.0,0.0,0
32839,R2025016,12.0,56.25,,2011.0,-17.0,0.625,26.22212806009459,8.0,3.590909090909091,-8.4,1.0,1,,,,0.125,,1.0,47.22222222222222,,,50.0,-16.0,44.44444444444444,3.0,0.8192471447579498,5.0,27.0,2.0,8.25,18.0,2.0,1
33141,R2025016,-10.0,68.75,,2011.0,-12.0,0.7142857142857143,20.489997559785117,0.0,3.8181818181818183,-8.6,0.0,0,,,,0.2857142857142857,,2.0,55.55555555555556,,,63.888888888888886,-8.0,27.77777777777778,2.0,0.6816106764429395,5.0,29.0,2.0,5.5,15.0,2.0,0
33399,R2025016,-9.0,43.75,,2010.0,3.0,0.1111111111111111,9.72111104761179,0.0,3.840909090909091,-1.2,2.0,1,,,,0.1111111111111111,,1.0,61.111111111111114,,,47.22222222222222,4.0,36.11111111111111,0.0,0.8498365855987974,1.0,25.0,1.0,6.0,8.0,0.0,0
33448,R2025016,-5.0,62.5,,2009.0,-14.0,0.5,14.705101155721438,0.0,3.9318181818181817,-10.8,2.0,0,,,,0.5,,4.0,61.111111111111114,,,50.0,-19.0,36.11111111111111,2.0,0.8381317251675863,4.0,23.0,2.0,6.0,16.0,2.0,0
33948,R2025016,1.0,50.0,,2010.0,-4.0,0.3333333333333333,7.493997598078078,4.0,3.772727272727273,-4.4,1.0,0,,,,0.1111111111111111,,1.0,61.111111111111114,,,66.66666666666666,-5.0,27.77777777777778,0.0,0.7315813472236931,3.0,38.0,0.0,5.5,55.0,0.0,0
34098,R2025016,-5.0,62.5,,2010.0,-4.0,0.5714285714285714,10.059821071967434,0.0,3.8181818181818183,-6.4,0.0,0,,,,0.5714285714285714,,4.0,52.77777777777778,,,61.111111111111114,-19.0,33.33333333333333,2.0,0.7378382755142021,4.0,27.0,0.0,6.0,28.0,2.0,0
34466,R2025016,0.0,43.75,,2014.0,1.0,0.0,,0.0,3.977272727272727,1.0,2.0,0,,,,0.0,,0.0,58.333333333333336,,,63.888888888888886,0.0,22.22222222222222,,0.8863422047450765,0.0,22.0,1.0,4.25,13.0,,0
35450,R2025016,5.0,68.75,,2011.0,-5.0,0.6666666666666666,5.122499389946279,0.0,3.727272727272727,-5.4,2.0,0,,,,0.3333333333333333,,2.0,50.0,,,41.66666666666667,-11.0,38.88888888888889,0.0,0.7959944715562062,4.0,26.0,3.0,6.5,29.0,0.0,0
35532,R2025016,3.0,56.25,,2011.0,2.0,0.3333333333333333,18.430613120566555,0.0,3.75,-3.6,1.0,1,,,,0.2222222222222222,,2.0,69.44444444444444,,,61.111111111111114,-2.0,36.11111111111111,1.0,0.7119316226771797,3.0,30.0,0.0,6.0,35.0,0.0,1
36799,R2025016,-3.0,68.75,,2013.0,-16.0,0.3333333333333333,15.411035007422441,0.0,3.8636363636363638,-6.6,1.0,0,,,,0.2222222222222222,,2.0,50.0,,,58.333333333333336,-20.0,36.11111111111111,1.0,0.7250006745450427,3.0,29.0,0.0,6.0,38.0,1.0,0
37455,R2025016,8.0,75.0,,2013.0,-1.0,0.4444444444444444,20.65187642806338,0.0,3.8863636363636362,-2.4,1.0,0,,,,0.0,,0.0,61.111111111111114,,,50.0,-8.0,38.88888888888889,2.0,0.6500270850261591,4.0,28.0,1.0,5.75,5.0,1.0,0
39971,R2025016,-3.0,68.75,,2018.0,-18.0,0.3333333333333333,12.165525060596439,3.0,3.6818181818181817,-9.2,2.0,0,,,,0.2222222222222222,,2.0,47.22222222222222,,,52.77777777777778,-11.0,36.11111111111111,2.0,0.7152212741861873,3.0,27.0,1.0,7.75,14.0,0.0,0
39977,R2025016,8.0,56.25,,2013.0,1.0,0.0,16.467771555374455,1.0,3.8181818181818183,2.2,1.0,0,,,,0.0,,0.0,44.44444444444444,,,77.77777777777779,-1.0,22.22222222222222,0.0,0.7679770389760141,0.0,35.0,0.0,6.0,26.0,0.0,0
39997,R2025016,-12.0,50.0,,2013.0,-4.0,0.625,16.95405556201819,0.0,3.727272727272727,-10.6,0.0,1,,,,0.5,,4.0,44.44444444444444,,,66.66666666666666,-12.0,22.22222222222222,3.0,0.7911877721292355,5.0,34.0,2.0,6.25,31.0,1.0,0
40098,R2025016,-9.0,81.25,,2013.0,9.0,0.3333333333333333,10.740577265678043,8.0,3.840909090909091,-3.2,2.0,0,,,,0.0,,0.0,52.77777777777778,,,41.66666666666667,-7.0,41.66666666666667,0.0,0.7547450315158153,2.0,24.0,0.0,7.25,6.0,0.0,0
40250,R2025016,-14.0,56.25,,2014.0,-5.0,0.375,5.817215828899594,0.0,3.7954545454545454,-11.2,0.0,0,,,,0.25,,2.0,55.55555555555556,,,55.55555555555556,-14.0,33.33333333333333,2.0,0.7827362623119157,3.0,30.0,2.0,6.0,27.0,1.0,0
45157,R2025016,-10.0,50.0,,2017.0,-3.0,0.375,14.383632673594278,1.0,3.75,-1.6,1.0,0,,,,0.125,,1.0,36.11111111111111,,,58.333333333333336,-8.0,30.555555555555557,1.0,0.9306971489687671,3.0,31.0,2.0,7.0,52.0,1.0,0
45242,R2025016,-23.0,50.0,,2018.0,-10.0,0.3333333333333333,2.5,0.0,3.7954545454545454,-8.6,1.0,0,,,,0.0,,0.0,61.111111111111114,,,63.888888888888886,1.0,22.22222222222222,0.0,0.7861028854284109,3.0,32.0,1.0,4.75,20.0,0.0,0
45522,R2025016,-10.0,37.5,,2019.0,-6.0,0.2222222222222222,5.9531504264548865,5.0,3.840909090909091,-4.4,3.0,0,,,,0.1111111111111111,,1.0,72.22222222222221,,,66.66666666666666,1.0,25.0,0.0,0.6777251833155947,2.0,21.0,2.0,3.75,40.0,0.0,0
46414,R2025016,-18.0,62.5,,2017.0,4.0,0.5714285714285714,13.778243719719867,5.0,3.772727272727273,-6.4,2.0,1,,,,0.14285714285714285,,1.0,47.22222222222222,,,58.333333333333336,-6.0,33.33333333333333,1.0,0.701970176236504,4.0,25.0,1.0,6.5,56.0,1.0,0
46442,R2025016,-4.0,75.0,,2014.0,-17.0,0.375,6.745368781616021,0.0,3.772727272727273,-12.2,3.0,1,,,,0.375,,3.0,58.333333333333336,,,55.55555555555556,-10.0,36.11111111111111,2.0,0.6711993796173743,3.0,18.0,0.0,6.75,47.0,1.0,0
46717,R2025016,10.0,62.5,,2019.0,-15.0,0.3333333333333333,11.169153951844338,2.0,3.8636363636363638,-5.2,1.0,0,,,,0.16666666666666666,,1.0,63.888888888888886,,,58.333333333333336,-2.0,30.555555555555557,1.0,0.7250006745450427,2.0,40.0,2.0,4.75,3.0,1.0,0
47420,R2025016,-9.0,56.25,,2015.0,6.0,0.4,26.09674309181128,0.0,4.159090909090909,,1.0,0,,,,0.1,,1.0,55.55555555555556,,,58.333333333333336,3.0,25.0,1.0,0.8876654334560621,4.0,37.0,2.0,4.5,33.0,1.0,0
47483,R2025016,7.0,62.5,,2015.0,-9.0,0.42857142857142855,13.4412301024373,0.0,3.840909090909091,-2.4,0.0,1,,,,0.0,,0.0,61.111111111111114,,,69.44444444444444,-5.0,30.555555555555557,0.0,0.730377097276025,3.0,43.0,0.0,5.5,45.0,0.0,1
47504,R2025016,-11.0,62.5,,2015.0,-11.0,0.375,4.6475800154489,0.0,3.7045454545454546,-10.8,1.0,0,,,,0.125,,1.0,50.0,,,58.333333333333336,-15.0,33.33333333333333,2.0,0.7119316226771797,3.0,38.0,0.0,7.0,59.0,2.0,0
47591,R2025016,-1.0,43.75,,2021.0,0.0,0.2727272727272727,4.4969125210773475,0.0,3.909090909090909,-8.4,1.0,0,,,,0.09090909090909091,,1.0,72.22222222222221,,,69.44444444444444,-13.0,22.22222222222222,1.0,0.6570610812365494,3.0,25.0,0.0,3.75,17.0,0.0,0
47993,R2025016,9.0,50.0,,2015.0,-11.0,0.625,8.78564169540279,0.0,3.8863636363636362,-4.2,2.0,0,,,,0.125,,1.0,66.66666666666666,,,66.66666666666666,-2.0,25.0,1.0,0.7792295862220701,5.0,18.0,0.0,4.75,37.0,0.0,0
47995,R2025016,-7.0,50.0,,2015.0,-9.0,0.2222222222222222,15.839472494022296,0.0,4.17948717948718,-2.4,0.0,0,,,,0.2222222222222222,,2.0,41.66666666666667,,,41.66666666666667,8.0,19.444444444444446,0.0,1.1094713963477725,2.0,35.0,0.0,4.0,25.0,0.0,0
48081,R2025016,-12.0,68.75,,2016.0,-8.0,0.25,14.579437574886077,1.0,3.9545454545454546,-11.8,2.0,0,,,,0.0,,0.0,66.66666666666666,,,52.77777777777778,-19.0,33.33333333333333,4.0,0.7750763504215475,1.0,21.0,1.0,5.5,36.0,3.0,0
48153,R2025016,-2.0,43.75,,2017.0,-11.0,0.0,14.305243793798134,1.0,3.9318181818181817,-6.6,0.0,0,,,,0.0,,0.0,63.888888888888886,,,69.44444444444444,0.0,22.22222222222222,1.0,0.7346499065085494,0.0,52.0,1.0,4.0,50.0,1.0,0
49771,R2025016,-4.0,75.0,,2017.0,-22.0,0.2222222222222222,13.948476619330155,0.0,3.9545454545454546,-11.4,1.0,0,,,,0.0,,0.0,44.44444444444444,,,61.111111111111114,-14.0,30.555555555555557,3.0,0.7562985392278533,2.0,28.0,0.0,6.0,34.0,2.0,0
49960,R2025016,2.0,68.75,,2019.0,-3.0,0.7,20.463381929681123,0.0,3.7954545454545454,-2.8,1.0,0,,,,0.3,,3.0,47.22222222222222,,,55.55555555555556,0.0,33.33333333333333,1.0,0.7410129259969239,7.0,29.0,0.0,7.0,12.0,0.0,0
50525,R2025016,-6.0,62.5,,2017.0,-1.0,1.0,16.637307474468336,1.0,3.659090909090909,-8.4,3.0,1,,,,0.6,,3.0,44.44444444444444,,,58.333333333333336,-26.0,33.33333333333333,1.0,0.7609400330901979,5.0,16.0,1.0,8.0,10.0,1.0,0
51349,R2025016,1.0,56.25,,2023.0,-17.0,0.2222222222222222,11.412712210513327,2.0,3.909090909090909,-11.8,0.0,0,,,,0.1111111111111111,,1.0,69.44444444444444,,,58.333333333333336,-8.0,33.33333333333333,3.0,0.839181358296689,2.0,35.0,1.0,5.0,51.0,2.0,0
51634,R2025016,-24.0,50.0,,2017.0,-2.0,0.1111111111111111,19.667231630303235,0.0,3.7954545454545454,-13.0,1.0,0,,,,0.0,,0.0,55.55555555555556,,,58.333333333333336,-10.0,30.555555555555557,3.0,0.8163767809738969,1.0,33.0,2.0,5.25,2.0,1.0,0
51766,R2025016,-12.0,87.5,,2017.0,-17.0,0.42857142857142855,4.02336923485777,0.0,3.909090909090909,-6.4,1.0,0,,,,0.0,,0.0,52.77777777777778,,,55.55555555555556,2.0,33.33333333333333,2.0,0.6816106764429395,3.0,33.0,1.0,6.5,54.0,0.0,0
51977,R2025016,-4.0,75.0,,2017.0,-19.0,0.5555555555555556,13.013838787997951,0.0,3.772727272727273,-13.0,1.0,0,,,,0.1111111111111111,,1.0,55.55555555555556,,,58.333333333333336,-22.0,33.33333333333333,3.0,0.7358471638277218,5.0,33.0,0.0,6.5,39.0,2.0,0
52215,R2025016,9.0,75.0,,2019.0,-12.0,0.5714285714285714,17.65467360219384,3.0,3.840909090909091,-5.4,2.0,0,,,,0.2857142857142857,,2.0,38.88888888888889,,,75.0,-11.0,19.444444444444446,2.0,0.701970176236504,4.0,17.0,0.0,6.5,23.0,0.0,0
52955,R2025016,-3.0,56.25,,2022.0,-12.0,0.5,13.212115651930995,1.0,3.75,-9.6,0.0,0,,,,0.3333333333333333,,2.0,55.55555555555556,,,55.55555555555556,-10.0,33.33333333333333,2.0,0.6965149103531725,3.0,33.0,2.0,6.25,22.0,1.0,0
56630,R2025016,-9.0,50.0,,2019.0,-5.0,0.5714285714285714,15.811388300841896,0.0,3.8181818181818183,-9.8,1.0,0,,,,0.42857142857142855,,3.0,63.888888888888886,,,69.44444444444444,-15.0,19.444444444444446,2.0,0.7505866250408015,4.0,41.0,1.0,4.75,46.0,2.0,0
57362,R2025016,-7.0,68.75,,2019.0,-7.0,0.2222222222222222,17.715529910222838,0.0,3.909090909090909,-8.2,0.0,1,,,,0.0,,0.0,47.22222222222222,,,52.77777777777778,-24.0,33.33333333333333,1.0,0.8306294161159102,2.0,49.0,1.0,6.75,58.0,1.0,0
57366,R2025016,-10.0,68.75,,2019.0,4.0,0.2222222222222222,20.04395170618808,0.0,3.8181818181818183,-5.6,1.0,1,,,,0.1111111111111111,,1.0,50.0,,,55.55555555555556,-5.0,36.11111111111111,1.0,0.7689952390108038,2.0,34.0,1.0,6.75,40.0,0.0,0
57975,R2025016,-1.0,50.0,,2020.0,-16.0,0.3333333333333333,10.133484099755622,0.0,3.727272727272727,-11.0,3.0,1,,,,0.2222222222222222,,2.0,52.77777777777778,,,52.77777777777778,-11.0,38.88888888888889,1.0,0.7689952390108038,3.0,23.0,1.0,6.75,40.0,0.0,0
58168,R2025016,-11.0,62.5,,2020.0,3.0,0.2222222222222222,19.893717601293126,0.0,3.8863636363636362,-6.4,1.0,0,,,,0.1111111111111111,,1.0,58.333333333333336,,,55.55555555555556,-18.0,30.555555555555557,1.0,0.7811101204979283,2.0,20.0,2.0,5.25,44.0,1.0,0
59095,R2025016,-10.0,43.75,,2022.0,-3.0,0.2,20.016659728003237,0.0,3.840909090909091,-3.8,0.0,0,,,,0.0,,0.0,69.44444444444444,,,50.0,-8.0,36.11111111111111,0.0,0.7970995936069254,2.0,25.0,0.0,5.25,19.0,0.0,0
59141,R2025016,4.0,43.75,,2022.0,-23.0,0.2222222222222222,31.0,0.0,3.9318181818181817,-4.2,3.0,0,,,,0.0,,0.0,69.44444444444444,,,66.66666666666666,2.0,22.22222222222222,1.0,0.8203209418113955,2.0,19.0,0.0,4.0,1.0,1.0,0
59866,R2025016,-13.0,43.75,,2022.0,-15.0,0.25,9.368030742904295,0.0,4.0,-8.0,2.0,0,,,,0.125,,1.0,66.66666666666666,,,75.0,-1.0,19.444444444444446,1.0,0.8296868576096289,2.0,19.0,0.0,3.75,9.0,1.0,0
22405,R2024016,6.0,56.25,,1998.0,-4.0,0.4,6.299801584177076,12.0,3.8636363636363638,-7.4,,0,,0.0,0.0,0.4,,2.0,58.333333333333336,,,55.55555555555556,-11.0,27.77777777777778,2.0,0.9192771195538434,2.0,,0.0,6.25,,0.0,0
25493,R2024016,10.0,56.25,0.861,2008.0,-16.0,0.5,13.481839637082173,0.0,4.0,-5.8,,0,0.489,0.0,0.0,0.25,-1.018,2.0,63.888888888888886,0.372,29.0,63.888888888888886,0.0,25.0,1.0,0.7535777990476679,4.0,,1.0,4.5,,0.0,0
25900,R2024016,-7.0,62.5,-1.5830000000000002,2001.0,-11.0,0.4444444444444444,20.445048300260872,0.0,3.727272727272727,-11.8,,0,0.553,0.0,0.0,0.3333333333333333,-1.253,3.0,61.111111111111114,0.394,35.0,66.66666666666666,-7.0,27.77777777777778,1.0,0.7108316890381612,4.0,,0.0,5.75,,0.0,0
27129,R2024016,-18.0,43.75,-0.42900000000000005,2003.0,-14.0,0.0,11.280514172678478,0.0,3.840909090909091,-15.6,,0,0.957,0.0,0.0,0.0,0.399,0.0,61.111111111111114,0.099,11.0,58.333333333333336,-15.0,33.33333333333333,0.0,0.7780990840911822,0.0,,2.0,5.5,,0.0,0
27644,R2024016,-6.0,68.75,0.009000000000000008,2004.0,-4.0,0.3333333333333333,14.496896219536097,0.0,3.772727272727273,-8.6,,0,0.447,0.0,0.0,0.0,-0.03,0.0,50.0,0.378,16.0,58.333333333333336,-11.0,30.555555555555557,2.0,0.7206706579174003,3.0,,3.0,6.25,,1.0,0
27770,R2024016,0.0,31.25,,2004.0,-25.0,0.125,26.637484032009397,1.0,3.840909090909091,-12.4,,1,,0.0,0.0,0.125,,1.0,58.333333333333336,,,75.0,-24.0,13.88888888888889,2.0,0.7970995936069254,1.0,,0.0,4.5,,2.0,1
28089,R2024016,-2.0,68.75,1.3050000000000002,2006.0,3.0,0.5,19.39690696992693,0.0,3.727272727272727,-5.2,,1,0.787,0.0,0.0,0.3333333333333333,-0.981,2.0,47.22222222222222,0.787,13.0,63.888888888888886,-8.0,30.555555555555557,1.0,0.6759911288321622,3.0,,1.0,6.75,,1.0,1
28252,R2024016,-3.0,62.5,0.471,2017.0,4.0,0.42857142857142855,22.00504992546534,0.0,4.045454545454546,0.8,,0,0.243,0.0,0.0,0.14285714285714285,-0.509,1.0,61.111111111111114,0.243,25.0,61.111111111111114,4.0,27.77777777777778,0.0,0.7609400330901979,3.0,,2.0,4.5,,0.0,0
29725,R2024016,2.0,56.25,-0.157,2007.0,-6.0,0.42857142857142855,22.6662745064115,0.0,3.840909090909091,-8.0,,0,0.41,0.0,0.0,0.14285714285714285,-0.184,1.0,50.0,-0.113,7.0,52.77777777777778,-15.0,22.22222222222222,2.0,0.8277985209193761,3.0,,3.0,5.5,,2.0,0
30911,R2024016,-9.0,56.25,,2014.0,-14.0,1.0,7.8230428862431785,8.0,3.9545454545454546,-8.2,,0,,0.0,0.0,0.2,,1.0,55.55555555555556,,,63.888888888888886,-3.0,19.444444444444446,4.0,0.8038201046026283,5.0,,0.0,5.25,,1.0,0
30926,R2024016,4.0,68.75,,2007.0,-2.0,0.125,5.90668171555645,0.0,3.6363636363636362,-4.2,,0,,0.0,0.0,0.0,,0.0,55.55555555555556,,,58.333333333333336,0.0,38.88888888888889,0.0,0.6746876632038704,1.0,,0.0,7.5,,0.0,0
30927,R2024016,-4.0,37.5,0.845,2009.0,-14.0,0.0,13.720058308913996,0.0,3.8636363636363638,-8.6,,0,0.523,0.0,0.0,0.0,-0.224,0.0,63.888888888888886,0.523,13.0,47.22222222222222,-15.0,38.88888888888889,1.0,0.8662512547215901,0.0,,2.0,5.75,,0.0,0
31646,R2024016,6.0,56.25,,2012.0,0.0,0.125,9.5,0.0,3.840909090909091,0.0,,1,,0.0,0.0,0.0,,0.0,63.888888888888886,,,58.333333333333336,-5.0,25.0,1.0,0.7628656541356288,1.0,,0.0,5.5,,0.0,0
32102,R2024016,-3.0,62.5,1.0630000000000002,2008.0,7.0,0.3333333333333333,20.12560558095085,3.0,4.0227272727272725,-5.6,,0,0.676,0.0,0.0,0.0,0.217,0.0,52.77777777777778,0.676,5.0,44.44444444444444,-2.0,41.66666666666667,1.0,0.8999217493368952,2.0,,0.0,6.25,,0.0,0
32839,R2024016,-3.0,50.0,-0.5609999999999999,2011.0,5.0,0.625,15.008331019803634,8.0,3.8863636363636362,-2.4,,0,0.303,0.0,0.0,0.125,0.029,1.0,58.333333333333336,0.303,21.0,69.44444444444444,-9.0,16.666666666666664,0.0,0.837314434163679,5.0,,1.0,4.0,,0.0,0
33141,R2024016,-4.0,50.0,-1.715,2011.0,-10.0,0.7142857142857143,12.2245654319489,0.0,3.9545454545454546,-4.6,,0,-0.026,0.0,0.0,0.2857142857142857,-0.084,2.0,63.888888888888886,-0.113,34.0,50.0,-1.0,33.33333333333333,1.0,0.792669861043801,5.0,,1.0,5.25,,0.0,0
33399,R2024016,-3.0,62.5,,2010.0,-9.0,0.1111111111111111,17.46106780494506,0.0,3.75,-4.6,,0,,0.0,0.0,0.1111111111111111,,1.0,47.22222222222222,,,58.333333333333336,6.0,36.11111111111111,1.0,0.8179328117315274,1.0,,0.0,7.0,,1.0,0
33948,R2024016,-10.0,62.5,,2010.0,-18.0,0.3333333333333333,16.8949696655543,4.0,3.727272727272727,-5.6,,0,,0.0,0.0,0.1111111111111111,,1.0,50.0,,,55.55555555555556,-5.0,36.11111111111111,2.0,0.6846174811247948,3.0,,2.0,6.75,,2.0,0
34046,R2024016,0.0,87.5,0.7889999999999999,2010.0,1.0,0.3333333333333333,11.338430226446693,2.0,3.772727272727273,-4.6,,1,0.435,0.0,0.0,0.3333333333333333,-0.686,2.0,52.77777777777778,0.435,13.0,58.333333333333336,1.0,38.88888888888889,2.0,0.6884640772055605,2.0,,0.0,7.5,,0.0,0
34098,R2024016,-11.0,62.5,-1.63,2010.0,-9.0,0.5714285714285714,3.1874754901018454,0.0,3.977272727272727,-12.4,,0,0.885,0.0,0.0,0.5714285714285714,0.885,4.0,50.0,-0.142,30.0,72.22222222222221,-17.0,22.22222222222222,2.0,0.7346499065085494,4.0,,0.0,5.0,,0.0,0
34099,R2024016,-6.0,50.0,0.955,2012.0,-7.0,0.2857142857142857,15.336231610144651,0.0,3.909090909090909,-9.6,,0,0.71,0.0,0.0,0.14285714285714285,0.031,1.0,58.333333333333336,0.245,30.0,52.77777777777778,-14.0,33.33333333333333,1.0,0.7458807063927945,2.0,,4.0,5.25,,0.0,0
34256,R2024016,-7.0,50.0,1.099,2010.0,0.0,0.25,8.04155872120988,0.0,3.772727272727273,-6.6,,0,1.698,0.0,0.0,0.0,0.344,0.0,63.888888888888886,-0.599,14.0,55.55555555555556,3.0,30.555555555555557,2.0,0.8049144823791295,2.0,,0.0,5.75,,1.0,0
35450,R2024016,-1.0,87.5,0.881,2011.0,-15.0,0.6666666666666666,11.585431464655178,0.0,3.8181818181818183,-6.8,,1,0.726,0.0,0.0,0.3333333333333333,0.36,2.0,55.55555555555556,0.155,16.0,61.111111111111114,-6.0,25.0,1.0,0.5564742013572712,4.0,,1.0,6.25,,1.0,0
35506,R2024016,-5.0,75.0,-0.22399999999999998,2012.0,4.0,0.1111111111111111,22.862359895688808,0.0,3.840909090909091,-10.2,,0,0.524,0.0,0.0,0.0,-0.312,0.0,50.0,0.524,21.0,66.66666666666666,-21.0,27.77777777777778,2.0,0.6759911288321622,1.0,,0.0,6.25,,1.0,0
35532,R2024016,-5.0,56.25,-0.4949999999999999,2011.0,0.0,0.3333333333333333,13.865424623862047,0.0,3.840909090909091,-5.4,,0,2.546,0.0,0.0,0.2222222222222222,2.546,2.0,55.55555555555556,-1.051,3.0,58.333333333333336,4.0,30.555555555555557,0.0,0.8446415839400839,3.0,,1.0,5.75,,0.0,0
36699,R2024016,,75.0,,2012.0,0.0,0.5,7.0710678118654755,0.0,3.7954545454545454,,,0,,0.0,0.0,0.1,,1.0,52.77777777777778,,,61.111111111111114,-2.0,33.33333333333333,0.0,0.6223535519798788,5.0,,1.0,6.25,,0.0,0
37455,R2024016,-9.0,50.0,0.395,2013.0,-6.0,0.4444444444444444,21.777281740382566,0.0,3.8181818181818183,-3.8,,0,0.427,0.0,0.0,0.0,-1.355,0.0,58.333333333333336,0.258,23.0,72.22222222222221,2.0,25.0,0.0,0.7164509993215132,4.0,,1.0,5.25,,0.0,0
39971,R2024016,-10.0,81.25,-0.10700000000000001,2018.0,-10.0,0.3333333333333333,6.437390775772433,3.0,3.7045454545454546,-7.6,,1,0.678,0.0,0.0,0.2222222222222222,0.678,2.0,44.44444444444444,0.055,13.0,38.88888888888889,-3.0,44.44444444444444,2.0,0.7399562225345535,3.0,,0.0,8.5,,0.0,1
39977,R2024016,-11.0,75.0,-0.006000000000000005,2013.0,-10.0,0.0,2.8284271247461903,1.0,3.840909090909091,-10.2,,0,0.456,0.0,0.0,0.0,0.007,0.0,52.77777777777778,-0.462,3.0,58.333333333333336,-13.0,36.11111111111111,4.0,0.7267523746672638,0.0,,0.0,6.75,,1.0,0
39997,R2024016,-11.0,56.25,-0.5509999999999999,2013.0,-1.0,0.625,15.512575543732252,0.0,3.8181818181818183,-11.0,,0,0.457,0.0,0.0,0.5,0.457,4.0,72.22222222222221,-0.124,18.0,52.77777777777778,-11.0,36.11111111111111,3.0,0.6637259083214635,5.0,,1.0,5.25,,1.0,0
40006,R2024016,0.0,62.5,-0.629,2018.0,-12.0,0.125,10.735455276791944,3.0,3.8636363636363638,-12.0,,0,-0.007,0.0,0.0,0.125,-0.147,1.0,55.55555555555556,-0.33,25.0,66.66666666666666,-14.0,22.22222222222222,1.0,0.7597823178904796,1.0,,1.0,5.75,,1.0,0
40098,R2024016,2.0,68.75,1.2109999999999999,2013.0,-15.0,0.3333333333333333,25.144383070578606,8.0,3.8636363636363638,-6.8,,0,0.839,0.0,0.0,0.0,-0.283,0.0,50.0,0.372,7.0,63.888888888888886,-10.0,27.77777777777778,3.0,0.7071067811865476,2.0,,2.0,6.0,,2.0,0
40115,R2024016,-12.0,62.5,-2.204,2013.0,3.0,0.0,15.401298646542765,0.0,3.7954545454545454,-11.4,,0,0.121,0.0,0.0,0.0,0.121,0.0,55.55555555555556,-0.056,37.0,58.333333333333336,-14.0,30.555555555555557,1.0,0.7624809189741648,0.0,,1.0,5.75,,1.0,0
45157,R2024016,-11.0,75.0,0.381,2017.0,-17.0,0.375,13.514436725220921,1.0,3.909090909090909,-9.2,,0,0.586,0.0,0.0,0.125,0.001,1.0,58.333333333333336,0.205,10.0,61.111111111111114,-17.0,33.33333333333333,3.0,0.8906355101238576,3.0,,0.0,5.75,,1.0,0
46046,R2024016,0.0,68.75,0.909,2014.0,-15.0,1.0,12.142487389328432,1.0,3.6818181818181817,-10.4,,1,0.459,0.0,0.0,0.4,-0.062,2.0,55.55555555555556,0.459,7.0,55.55555555555556,-11.0,30.555555555555557,3.0,0.6152407063585467,5.0,,1.0,6.75,,2.0,0
46717,R2024016,-3.0,81.25,-1.249,2019.0,-17.0,0.3333333333333333,4.9180788932265,2.0,3.909090909090909,-13.2,,1,0.378,0.0,0.0,0.16666666666666666,0.378,1.0,58.333333333333336,-0.585,18.0,66.66666666666666,-27.0,30.555555555555557,2.0,0.6606240232965302,2.0,,2.0,5.5,,1.0,1
47347,R2024016,1.0,62.5,,2018.0,-2.0,0.375,15.864661988205107,0.0,3.8636363636363638,-4.4,,0,,0.0,0.0,0.125,,1.0,69.44444444444444,,,58.333333333333336,5.0,30.555555555555557,1.0,0.6700325827688016,3.0,,1.0,5.25,,0.0,0
47504,R2024016,-10.0,37.5,0.784,2015.0,-6.0,0.375,15.58717421471897,0.0,3.8636363636363638,-6.4,,0,0.782,0.0,0.0,0.125,-0.772,1.0,55.55555555555556,0.002,32.0,72.22222222222221,-10.0,19.444444444444446,1.0,0.7985707106879772,3.0,,2.0,4.75,,0.0,0
47591,R2024016,-16.0,68.75,,2021.0,-18.0,0.2727272727272727,12.815615474880635,0.0,3.8181818181818183,-14.6,,0,,0.0,0.0,0.09090909090909091,,1.0,55.55555555555556,,,61.111111111111114,-8.0,33.33333333333333,4.0,0.7645306025618079,3.0,,0.0,6.5,,4.0,0
47988,R2024016,-7.0,62.5,,2015.0,-17.0,0.0,12.611106216347558,0.0,3.909090909090909,-9.4,,0,,0.0,0.0,0.0,,0.0,66.66666666666666,,,61.111111111111114,-11.0,27.77777777777778,0.0,0.7679770389760141,0.0,,0.0,5.0,,0.0,0
47993,R2024016,-1.0,50.0,,2015.0,-7.0,0.625,25.936219847926953,0.0,3.8863636363636362,-9.2,,0,,0.0,0.0,0.125,,1.0,63.888888888888886,,,58.333333333333336,-19.0,33.33333333333333,3.0,0.7989380667040437,5.0,,0.0,5.5,,2.0,0
47995,R2024016,0.0,62.5,,2015.0,1.0,0.2222222222222222,7.408703590297623,0.0,3.8636363636363638,-5.0,,0,,0.0,0.0,0.2222222222222222,,2.0,52.77777777777778,,,55.55555555555556,-3.0,30.555555555555557,0.0,0.8906355101238576,2.0,,0.0,6.0,,0.0,0
48081,R2024016,-2.0,75.0,0.902,2016.0,-9.0,0.25,10.96300597464035,1.0,3.7954545454545454,-7.6,,1,0.687,0.3333333333333333,1.0,0.0,0.582,0.0,66.66666666666666,0.357,12.0,63.888888888888886,-22.0,33.33333333333333,1.0,0.5867605558673425,1.0,,1.0,5.75,,0.0,0
48117,R2024016,-2.0,62.5,,2017.0,-2.0,0.0,15.564061166674977,3.0,3.8863636363636362,1.0,,0,,0.0,0.0,0.0,,0.0,58.333333333333336,,,63.888888888888886,4.0,30.555555555555557,0.0,0.7494129157613038,0.0,,1.0,5.5,,0.0,0
48887,R2024016,6.0,68.75,,2017.0,-4.0,0.0,14.300349646075091,11.0,3.9318181818181817,-2.0,,0,,0.0,0.0,0.0,,0.0,66.66666666666666,,,61.111111111111114,-12.0,36.11111111111111,0.0,0.7505866250408015,0.0,,1.0,5.0,,0.0,0
49771,R2024016,-12.0,81.25,0.599,2017.0,-4.0,0.2222222222222222,14.51895313030523,0.0,3.772727272727273,-10.4,,0,0.7,0.0,0.0,0.0,-0.123,0.0,52.77777777777778,-0.101,21.0,63.888888888888886,-18.0,30.555555555555557,2.0,0.6377226206157897,2.0,,1.0,6.5,,1.0,0
49947,R2024016,-8.0,62.5,,2016.0,18.0,0.3333333333333333,14.26043477598071,0.0,3.772727272727273,0.8,,0,,0.0,0.0,0.2222222222222222,,2.0,44.44444444444444,,,66.66666666666666,6.0,19.444444444444446,1.0,0.6548243979688554,3.0,,2.0,5.75,,1.0,0
49960,R2024016,0.0,68.75,0.0030000000000000027,2019.0,2.0,0.7,23.313086453749534,0.0,3.7954545454545454,-4.6,,0,1.408,0.0,0.0,0.3,1.408,3.0,55.55555555555556,-0.321,21.0,55.55555555555556,-9.0,36.11111111111111,1.0,0.7689952390108038,7.0,,1.0,6.5,,1.0,0
50525,R2024016,-10.0,68.75,0.28300000000000003,2017.0,-11.0,1.0,8.2365041127896,1.0,3.772727272727273,-10.0,,1,0.676,0.0,0.0,0.6,0.651,3.0,55.55555555555556,-0.048,2.0,72.22222222222221,-14.0,22.22222222222222,3.0,0.6377226206157897,5.0,,1.0,6.0,,1.0,1
51070,R2024016,-7.0,62.5,,2023.0,-3.0,0.0,7.119515432949071,1.0,4.045454545454546,-2.0,,0,,0.0,0.0,0.0,,0.0,72.22222222222221,,,61.111111111111114,0.0,22.22222222222222,0.0,0.6707620686492746,0.0,,0.0,3.75,,0.0,0
51349,R2024016,1.0,62.5,,2023.0,-16.0,0.2222222222222222,18.90913947157711,2.0,3.9318181818181817,-6.2,,0,,0.0,0.0,0.1111111111111111,,1.0,63.888888888888886,,,47.22222222222222,-4.0,38.88888888888889,0.0,0.8087936107879008,2.0,,2.0,6.0,,0.0,0
51634,R2024016,-6.0,68.75,-1.547,2017.0,-1.0,0.1111111111111111,6.782329983125268,0.0,3.7045454545454546,-10.2,,1,0.541,0.0,0.0,0.0,0.541,0.0,44.44444444444444,0.012,33.0,61.111111111111114,-3.0,36.11111111111111,2.0,0.7505866250408015,1.0,,0.0,7.75,,1.0,1
51766,R2024016,1.0,56.25,,2017.0,-6.0,0.42857142857142855,21.637005338077632,0.0,3.8181818181818183,-3.0,,0,,0.0,0.0,0.0,,0.0,63.888888888888886,,,63.888888888888886,-16.0,30.555555555555557,1.0,0.7108316890381612,3.0,,1.0,5.25,,1.0,0
52955,R2024016,-18.0,68.75,,2022.0,-19.0,0.5,4.9180788932265,1.0,3.8863636363636362,-21.2,,0,,0.0,0.0,0.3333333333333333,,2.0,50.0,,,58.333333333333336,-29.0,30.555555555555557,3.0,0.8038201046026283,3.0,,0.0,6.0,,2.0,0
54628,R2024016,-24.0,62.5,,2019.0,7.0,0.4,16.12947612292476,0.0,4.0,-6.2,,0,,0.0,0.0,0.4,,2.0,72.22222222222221,,,58.333333333333336,-8.0,30.555555555555557,1.0,0.6570610812365494,2.0,,0.0,4.25,,1.0,0
55182,R2024016,-7.0,62.5,0.29999999999999993,2020.0,-7.0,0.125,9.28654941299512,7.0,3.909090909090909,-9.4,,0,0.981,0.0,0.0,0.125,0.981,1.0,63.888888888888886,0.57,5.0,72.22222222222221,-6.0,13.88888888888889,3.0,0.5643282322174048,1.0,,3.0,3.5,,2.0,0
56630,R2024016,-11.0,68.75,,2019.0,-19.0,0.5714285714285714,10.342146779078316,0.0,3.7954545454545454,-11.4,,0,,0.0,0.0,0.42857142857142855,,3.0,55.55555555555556,,,58.333333333333336,-15.0,33.33333333333333,1.0,0.7458807063927945,4.0,,0.0,6.75,,0.0,0
57366,R2024016,-6.0,75.0,-0.276,2019.0,-13.0,0.2222222222222222,14.759403781996074,0.0,3.909090909090909,-8.4,,0,1.145,0.0,0.0,0.1111111111111111,-0.193,1.0,55.55555555555556,-0.385,13.0,58.333333333333336,-12.0,36.11111111111111,0.0,0.724595834676596,2.0,,1.0,6.0,,0.0,0
12716,R2024003,-11.0,58.333333333333336,0.10600000000000001,1994.0,-8.0,0.375,15.890248582070704,0.0,3.727272727272727,-8.2,,1,0.269,0.0,0.0,0.125,0.113,1.0,47.22222222222222,-0.163,14.0,63.888888888888886,-4.0,27.77777777777778,0.0,0.7535777990476679,3.0,,1.0,6.25,,0.0,0
20229,R2024003,-2.0,50.0,0.038000000000000006,1995.0,-11.0,0.125,15.121728296285006,0.0,4.045454545454546,-7.0,,0,0.179,0.0,0.0,0.0,-0.149,0.0,55.55555555555556,0.179,65.0,72.22222222222221,-10.0,16.666666666666664,1.0,0.8409178658720822,2.0,,0.0,4.0,,0.0,0
22371,R2024003,2.0,41.66666666666667,1.049,2000.0,-8.0,0.0,17.745108872274887,4.0,3.9545454545454546,-4.2,,0,0.954,0.0,0.0,0.0,-0.56,0.0,80.55555555555556,0.954,40.0,55.55555555555556,-11.0,25.0,0.0,0.8222264517930379,0.0,,0.0,4.0,,0.0,0
23108,R2024003,-25.0,16.666666666666664,1.121,1998.0,1.0,0.2,21.514852750806565,2.0,4.181818181818182,-10.2,,0,0.778,0.0,0.0,0.0,-0.012,0.0,77.77777777777779,0.343,32.0,61.111111111111114,-11.0,16.666666666666664,1.0,0.8261595987094034,1.0,,0.0,2.0,,1.0,0
24024,R2024003,-1.0,33.33333333333333,0.483,2001.0,-2.0,0.2,,0.0,4.0,-4.6,,0,0.501,0.0,0.0,0.0,0.192,0.0,69.44444444444444,-0.018,32.0,77.77777777777779,0.0,13.88888888888889,0.0,0.7535777990476679,1.0,,0.0,2.75,,0.0,0
24502,R2024003,1.0,25.0,0.6970000000000001,2000.0,3.0,0.3333333333333333,14.119490075778232,14.0,3.8863636363636362,-7.2,,0,0.429,0.0,0.0,0.0,0.143,0.0,66.66666666666666,0.268,38.0,72.22222222222221,-19.0,19.444444444444446,2.0,0.8306294161159102,2.0,,1.0,4.0,,1.0,0
25493,R2024003,-21.0,41.66666666666667,0.26599999999999996,2008.0,-14.0,0.5,27.825348155953055,0.0,3.7045454545454546,-11.4,,1,0.588,0.0,0.0,0.25,0.069,2.0,58.333333333333336,0.588,2.0,66.66666666666666,-11.0,25.0,2.0,0.7720417820960433,4.0,,0.0,6.0,,0.0,1
26476,R2024003,3.0,33.33333333333333,0.377,2002.0,0.0,0.0,10.0,0.0,4.136363636363637,-3.6,,0,0.531,,0.0,0.0,-0.101,0.0,72.22222222222221,-0.154,4.0,66.66666666666666,-15.0,11.11111111111111,0.0,0.7740842003337551,0.0,,0.0,2.0,,0.0,0
26596,R2024003,-19.0,50.0,-0.6950000000000001,2002.0,-1.0,0.11538461538461539,1.5,0.0,3.9545454545454546,-6.6,,0,0.044,,0.0,0.038461538461538464,0.044,1.0,44.44444444444444,-0.279,49.0,72.22222222222221,4.0,11.11111111111111,2.0,0.769972170183535,3.0,,0.0,4.0,,1.0,0
27064,R2024003,8.0,25.0,0.547,2003.0,0.0,0.14285714285714285,,1.0,3.9545454545454546,-0.2,,1,1.123,0.0,0.0,0.14285714285714285,0.127,1.0,69.44444444444444,1.123,23.0,69.44444444444444,-12.0,22.22222222222222,,0.7930399504862871,1.0,,1.0,3.5,,,0
27129,R2024003,-16.0,50.0,-0.492,2003.0,-4.0,0.0,18.325937902328494,0.0,4.136363636363637,-10.2,,0,0.554,0.0,0.0,0.0,0.31,0.0,61.111111111111114,-0.082,53.0,77.77777777777779,-2.0,16.666666666666664,0.0,0.9063269671749656,0.0,,0.0,3.5,,0.0,0
27141,R2024003,0.0,0.0,-0.034,2003.0,2.0,0.0,,0.0,4.0,1.6,,0,0.167,0.0,0.0,0.0,0.099,0.0,61.111111111111114,0.167,16.0,66.66666666666666,-3.0,5.555555555555555,,0.9839989676081822,0.0,,0.0,2.5,,,0
27349,R2024003,-22.0,58.333333333333336,0.96,2008.0,-8.0,0.65,12.753038853543888,11.0,4.045454545454546,-14.4,,0,0.993,0.0,0.0,0.2,0.562,4.0,66.66666666666666,-0.033,6.0,66.66666666666666,-19.0,19.444444444444446,1.0,0.742199919074911,13.0,,0.0,3.5,,1.0,0
27644,R2024003,-11.0,41.66666666666667,0.555,2004.0,-25.0,0.3333333333333333,19.681463360228072,0.0,3.9545454545454546,-12.4,,0,0.456,0.0,0.0,0.0,-0.157,0.0,75.0,0.456,42.0,52.77777777777778,-11.0,25.0,2.0,0.7346499065085493,3.0,,0.0,3.75,,1.0,0
27649,R2024003,-4.0,0.0,0.377,2004.0,4.0,0.14285714285714285,10.614455552060438,1.0,4.363636363636363,-1.6,,0,0.329,0.0,0.0,0.14285714285714285,0.329,1.0,66.66666666666666,0.072,55.0,50.0,-6.0,16.666666666666664,0.0,1.0642084770098772,1.0,,0.0,2.5,,0.0,0
27770,R2024003,-24.0,33.33333333333333,-1.354,2004.0,-12.0,0.125,24.488517717493643,1.0,4.045454545454546,-11.0,,0,0.736,0.0,0.0,0.125,0.736,1.0,61.111111111111114,-0.49,,55.55555555555556,2.0,27.77777777777778,1.0,0.9063269671749656,1.0,,0.0,4.0,,1.0,0
27936,R2024003,-9.0,16.666666666666664,0.374,2007.0,3.0,0.0,,0.0,3.909090909090909,-2.2,,0,0.301,0.0,0.0,0.0,-0.088,0.0,61.111111111111114,0.301,14.0,72.22222222222221,-9.0,11.11111111111111,0.0,0.8316885175937802,0.0,,1.0,3.25,,0.0,0
28252,R2024003,14.0,58.333333333333336,-0.11200000000000002,2017.0,-1.0,0.42857142857142855,15.31951369985353,0.0,4.090909090909091,-1.2,,0,0.261,0.0,0.0,0.14285714285714285,-0.307,1.0,55.55555555555556,-0.139,20.0,80.55555555555556,0.0,11.11111111111111,0.0,0.6781580041260667,3.0,,0.0,3.0,,0.0,0
28420,R2024003,-15.0,0.0,-1.326,2005.0,7.0,0.0,0.0,0.0,4.2727272727272725,-1.0,,0,-0.102,0.0,0.0,0.0,-2.082,0.0,55.55555555555556,-1.224,,61.111111111111114,8.0,5.555555555555555,0.0,1.0090857090723107,0.0,,1.0,1.0,,0.0,0
28775,R2024003,-19.0,50.0,0.17200000000000004,2006.0,1.0,0.0,3.5,0.0,4.045454545454546,-8.6,,0,0.561,0.0,0.0,0.0,0.561,0.0,50.0,0.278,61.0,77.77777777777779,-11.0,11.11111111111111,2.0,0.7362496126066839,0.0,,0.0,3.0,,1.0,0
29420,R2024003,0.0,41.66666666666667,1.18,2006.0,-11.0,0.4,2.0,2.0,4.0227272727272725,-7.0,,0,0.973,0.0,0.0,0.2,-0.145,2.0,66.66666666666666,0.207,32.0,72.22222222222221,-11.0,11.11111111111111,0.0,0.792669861043801,4.0,,1.0,3.25,,0.0,0
29908,R2024003,-1.0,0.0,0.152,2011.0,-2.0,0.16666666666666666,,0.0,4.136363636363637,-4.8,,0,0.313,0.0,0.0,0.0,-0.547,0.0,88.88888888888889,0.313,63.0,77.77777777777779,-4.0,0.0,1.0,0.7149203529842405,1.0,,0.0,0.5,,0.0,0
29936,R2024003,5.0,58.333333333333336,,2015.0,4.0,0.2,17.13346303452853,8.0,4.090909090909091,1.2,,1,,0.0,0.0,0.0,,0.0,61.111111111111114,,,61.111111111111114,5.0,22.22222222222222,0.0,0.8608144776577744,1.0,,1.0,4.25,,0.0,0
30692,R2024003,-2.0,16.666666666666664,0.366,2011.0,-8.0,0.2222222222222222,8.5,0.0,4.045454545454546,-6.0,,0,0.425,0.0,0.0,0.0,0.425,0.0,72.22222222222221,0.266,23.0,83.33333333333334,-11.0,5.555555555555555,0.0,0.7149203529842405,2.0,,1.0,1.5,,0.0,0
30927,R2024003,-15.0,33.33333333333333,1.224,2009.0,-18.0,0.0,12.843675486401857,0.0,3.8863636363636362,-11.8,,0,1.033,0.0,0.0,0.0,-0.465,0.0,61.111111111111114,0.191,26.0,69.44444444444444,-9.0,16.666666666666664,0.0,0.8611552818193248,0.0,,1.0,4.0,,0.0,0
31323,R2024003,5.0,16.666666666666664,-0.15500000000000003,2009.0,-7.0,0.42857142857142855,14.0,0.0,4.2272727272727275,0.2,,0,0.645,0.0,0.0,0.0,0.645,0.0,61.111111111111114,0.114,42.0,50.0,2.0,22.22222222222222,0.0,1.1450376024878446,3.0,,1.0,3.0,,0.0,0
31646,R2024003,0.0,50.0,-0.74,2012.0,-14.0,0.125,13.509256086106296,0.0,3.9545454545454546,-9.2,,0,0.745,0.0,0.0,0.0,-0.281,0.0,72.22222222222221,0.069,22.0,58.333333333333336,-7.0,27.77777777777778,1.0,0.7566864178100983,1.0,,0.0,4.25,,0.0,0
32102,R2024003,-2.0,66.66666666666666,0.867,2008.0,-10.0,0.3333333333333333,20.62159062730128,3.0,4.181818181818182,-8.2,,0,0.889,0.3333333333333333,1.0,0.0,0.889,0.0,61.111111111111114,0.089,10.0,61.111111111111114,-2.0,16.666666666666664,1.0,0.8544932592822077,2.0,,0.0,2.5,,0.0,0
32366,R2024003,-3.0,66.66666666666666,-0.514,2008.0,-10.0,0.0,14.704496666741854,0.0,4.0227272727272725,-4.6,,0,0.426,0.0,0.0,0.0,0.426,0.0,63.888888888888886,0.062,43.0,66.66666666666666,-11.0,19.444444444444446,0.0,0.7108316890381612,0.0,,0.0,3.75,,0.0,0
32640,R2024003,-5.0,50.0,-0.481,2010.0,-10.0,0.0,24.0,0.0,4.090909090909091,-5.0,,0,0.097,0.0,0.0,0.0,0.097,0.0,66.66666666666666,-0.317,38.0,72.22222222222221,-12.0,16.666666666666664,0.0,0.8778581437993958,0.0,,0.0,3.0,,0.0,0
32757,R2024003,-12.0,66.66666666666666,0.441,2008.0,2.0,0.0,18.227726133558185,0.0,4.090909090909091,-7.2,,0,0.494,0.0,0.0,0.0,-0.136,0.0,66.66666666666666,-0.053,10.0,66.66666666666666,-12.0,16.666666666666664,0.0,0.8778581437993958,0.0,,0.0,3.0,,0.0,0
32791,R2024003,-13.0,16.666666666666664,0.704,2014.0,-9.0,0.1111111111111111,14.428704030508076,4.0,3.9545454545454546,-9.6,,0,0.609,0.0,0.0,0.1111111111111111,-0.299,1.0,66.66666666666666,0.609,42.0,50.0,-19.0,22.22222222222222,0.0,0.8600479868487221,1.0,,0.0,4.0,,0.0,0
32839,R2024003,5.0,41.66666666666667,0.47000000000000003,2011.0,-9.0,0.625,20.635891063872187,8.0,3.909090909090909,-4.0,,0,0.639,0.0,0.0,0.125,0.639,1.0,55.55555555555556,0.507,29.0,69.44444444444444,-8.0,13.88888888888889,0.0,0.7378382755142021,5.0,,2.0,4.0,,0.0,0
33204,R2024003,-7.0,33.33333333333333,-2.39,2009.0,-3.0,0.7142857142857143,16.21384867602041,4.0,3.909090909090909,-4.2,,1,-0.587,0.0,0.0,0.42857142857142855,-1.054,3.0,66.66666666666666,-0.803,,47.22222222222222,-12.0,33.33333333333333,0.0,0.7535777990476679,5.0,,0.0,4.25,,0.0,0
33399,R2024003,-19.0,16.666666666666664,0.659,2010.0,-1.0,0.1111111111111111,14.376630342329875,0.0,4.2272727272727275,-14.6,,0,0.336,0.0,0.0,0.1111111111111111,0.036,1.0,72.22222222222221,0.336,10.0,61.111111111111114,-25.0,5.555555555555555,2.0,0.8926507698004841,1.0,,0.0,2.0,,1.0,0
33413,R2024003,-14.0,16.666666666666664,,2009.0,-1.0,0.0,12.027745701779143,0.0,4.090909090909091,-6.8,,0,,0.0,0.0,0.0,,0.0,72.22222222222221,,,77.77777777777779,-14.0,11.11111111111111,0.0,0.790820349635001,0.0,,1.0,1.5,,0.0,0
33448,R2024003,-11.0,66.66666666666666,0.633,2009.0,-16.0,0.5,3.3105890714493698,0.0,3.9318181818181817,-16.4,,0,1.213,0.0,0.0,0.5,1.213,4.0,69.44444444444444,0.229,4.0,58.333333333333336,-27.0,27.77777777777778,4.0,0.7164509993215133,4.0,,0.0,4.75,,3.0,0
33653,R2024003,-3.0,50.0,,2019.0,-8.0,0.4444444444444444,9.977753031397176,1.0,3.9545454545454546,-9.2,,0,,0.0,0.0,0.2222222222222222,,2.0,50.0,,,66.66666666666666,-7.0,13.88888888888889,1.0,0.8558004242796232,4.0,,0.0,4.75,,1.0,0
33948,R2024003,-5.0,33.33333333333333,0.7130000000000001,2010.0,-26.0,0.3333333333333333,14.905955185763842,4.0,4.045454545454546,-10.0,,0,0.899,0.0,0.0,0.1111111111111111,0.599,1.0,55.55555555555556,0.899,53.0,47.22222222222222,-17.0,22.22222222222222,1.0,0.9542549470201153,3.0,,0.0,4.5,,1.0,0
34021,R2024003,,58.333333333333336,1.224,2010.0,-14.0,0.5,15.562374497485916,0.0,4.090909090909091,,,0,0.702,0.0,0.0,0.3333333333333333,0.702,2.0,75.0,0.648,25.0,80.55555555555556,1.0,11.11111111111111,0.0,0.7071067811865476,3.0,,0.0,2.5,,0.0,0
34046,R2024003,1.0,75.0,-0.12,2010.0,-14.0,0.3333333333333333,14.661514246489002,2.0,3.840909090909091,-9.0,,0,1.281,0.0,0.0,0.3333333333333333,1.281,2.0,72.22222222222221,0.134,6.0,52.77777777777778,-27.0,30.555555555555557,2.0,0.7071067811865476,2.0,,1.0,4.75,,1.0,0
34076,R2024003,6.0,25.0,-0.668,2014.0,-2.0,0.25,27.157974069424906,0.0,3.977272727272727,-4.4,,0,0.045,0.0,0.0,0.25,-0.185,2.0,72.22222222222221,-0.392,50.0,66.66666666666666,-7.0,22.22222222222222,1.0,0.8102434959268144,2.0,,0.0,3.5,,0.0,0
34099,R2024003,-19.0,33.33333333333333,0.462,2012.0,-13.0,0.2857142857142857,28.694250295137525,0.0,3.977272727272727,-10.4,,0,0.759,0.0,0.0,0.14285714285714285,-0.776,1.0,77.77777777777779,-0.297,16.0,66.66666666666666,0.0,22.22222222222222,1.0,0.724595834676596,2.0,,2.0,3.0,,0.0,0
34255,R2024003,0.0,66.66666666666666,-1.393,2010.0,-7.0,0.3333333333333333,13.5,0.0,4.2727272727272725,-3.4,,0,1.363,0.0,0.0,0.3333333333333333,1.363,1.0,50.0,0.015,53.0,61.111111111111114,-4.0,11.11111111111111,0.0,0.892650769800484,1.0,,0.0,3.5,,0.0,0
34256,R2024003,-22.0,50.0,0.73,2010.0,-13.0,0.25,17.19767426136453,0.0,4.045454545454546,-14.6,,0,0.41,,0.0,0.0,0.104,0.0,55.55555555555556,0.41,7.0,61.111111111111114,-16.0,22.22222222222222,2.0,0.769972170183535,2.0,,0.0,4.0,,1.0,0
34466,R2024003,-2.0,33.33333333333333,-0.0030000000000000027,2014.0,-8.0,0.0,,0.0,4.090909090909091,-4.2,,0,0.575,0.0,0.0,0.0,-0.799,0.0,72.22222222222221,-0.578,65.0,72.22222222222221,-2.0,5.555555555555555,0.0,0.6087979308727327,0.0,,1.0,1.5,,0.0,0
34563,R2024003,-17.0,33.33333333333333,0.48399999999999993,2012.0,-12.0,0.0,18.78935869049287,0.0,4.090909090909091,-14.0,,0,0.825,0.0,0.0,0.0,-0.461,0.0,77.77777777777779,-0.341,23.0,66.66666666666666,-14.0,11.11111111111111,2.0,0.8446845940894527,0.0,,0.0,2.5,,0.0,0
35310,R2024003,-10.0,0.0,-0.8909999999999999,2011.0,-2.0,0.25,12.389511693363866,0.0,4.318181818181818,-5.2,,0,0.668,0.0,0.0,0.125,-1.972,1.0,55.55555555555556,-1.559,,66.66666666666666,-17.0,11.11111111111111,0.0,0.9407022031018291,2.0,,1.0,2.0,,0.0,0
35461,R2024003,-8.0,66.66666666666666,0.45499999999999996,2011.0,-16.0,0.25,15.866946776238962,0.0,3.977272727272727,-12.4,,0,0.602,0.0,0.0,0.0,-0.744,0.0,63.888888888888886,-0.147,14.0,66.66666666666666,-10.0,22.22222222222222,2.0,0.6777251833155947,2.0,,0.0,4.0,,1.0,0
35532,R2024003,-17.0,50.0,0.7010000000000001,2011.0,-21.0,0.3333333333333333,19.253246479490155,0.0,3.9318181818181817,-10.6,,0,0.66,0.0,0.0,0.2222222222222222,0.496,2.0,69.44444444444444,0.041,14.0,58.333333333333336,-1.0,30.555555555555557,1.0,0.7624809189741648,3.0,,0.0,4.5,,0.0,0
36326,R2024003,-4.0,16.666666666666664,-1.717,2015.0,6.0,0.0,,3.0,4.2272727272727275,-3.6,,0,1.032,0.0,0.0,0.0,1.032,0.0,66.66666666666666,0.238,,66.66666666666666,-4.0,11.11111111111111,0.0,0.8261595987094034,0.0,,0.0,2.0,,0.0,0
36801,R2024003,-3.0,83.33333333333334,0.19899999999999998,2013.0,-16.0,0.2222222222222222,21.083168642308014,0.0,4.113636363636363,-9.2,,0,0.288,0.0,0.0,0.0,0.095,0.0,58.333333333333336,-0.089,30.0,55.55555555555556,-7.0,30.555555555555557,1.0,0.7792295862220701,2.0,,0.0,4.5,,1.0,0
36871,R2024003,-3.0,16.666666666666664,0.19400000000000003,2012.0,2.0,0.0,25.17315037892556,0.0,3.9545454545454546,-5.8,,0,0.379,0.0,0.0,0.0,0.379,0.0,69.44444444444444,-0.143,7.0,63.888888888888886,-14.0,22.22222222222222,0.0,0.8203209418113955,0.0,,0.0,3.0,,0.0,0
36884,R2024003,-5.0,50.0,,2012.0,-7.0,0.25,20.081085628023203,0.0,4.2272727272727275,-8.6,,0,,0.0,0.0,0.0,,0.0,72.22222222222221,,,38.88888888888889,-16.0,33.33333333333333,1.0,0.8944271909999159,2.0,,0.0,3.5,,1.0,0
37275,R2024003,-19.0,33.33333333333333,0.19699999999999998,2017.0,-12.0,0.5,20.676073128135332,0.0,3.9545454545454546,-11.2,,0,0.348,0.0,0.0,0.0,0.257,0.0,77.77777777777779,-0.151,20.0,72.22222222222221,-1.0,16.666666666666664,1.0,0.7319250547113998,4.0,,0.0,2.5,,0.0,0
37378,R2024003,-4.0,50.0,,2021.0,-6.0,0.6666666666666666,13.919770113044253,4.0,4.090909090909091,-6.2,,0,,0.0,0.0,0.0,,0.0,69.44444444444444,,,61.111111111111114,-20.0,13.88888888888889,1.0,0.7484987583398564,4.0,,1.0,2.75,,0.0,0
37455,R2024003,-6.0,50.0,0.45399999999999996,2013.0,-8.0,0.4444444444444444,19.925862591115095,0.0,3.909090909090909,-12.6,,0,0.609,0.0,0.0,0.0,-0.532,0.0,66.66666666666666,0.609,23.0,63.888888888888886,-19.0,30.555555555555557,0.0,0.7911877721292356,4.0,,1.0,4.25,,0.0,0
39324,R2024003,-10.0,66.66666666666666,-0.611,2015.0,1.0,0.4444444444444444,23.01207412545761,0.0,4.045454545454546,-5.2,,0,0.399,0.0,0.0,0.3333333333333333,0.399,3.0,33.33333333333333,-0.423,47.0,66.66666666666666,4.0,16.666666666666664,0.0,0.7149203529842405,4.0,,0.0,4.5,,0.0,0
39546,R2024003,-1.0,50.0,-0.634,2017.0,-24.0,0.2857142857142857,18.384776310850235,0.0,4.0,-8.0,,0,1.033,0.0,0.0,0.0,-0.053,0.0,69.44444444444444,-0.267,42.0,55.55555555555556,-2.0,22.22222222222222,1.0,0.8160172755850259,2.0,,1.0,4.25,,0.0,0
39971,R2024003,-4.0,25.0,0.997,2018.0,-19.0,0.3333333333333333,23.632604596192948,3.0,4.0,-10.4,,0,0.623,0.0,0.0,0.2222222222222222,0.338,2.0,77.77777777777779,0.623,6.0,66.66666666666666,-2.0,13.88888888888889,1.0,0.7184958641003193,3.0,,1.0,2.25,,1.0,0
39975,R2024003,3.0,100.0,-0.593,2013.0,-8.0,0.5,13.702554506368513,0.0,4.181818181818182,-10.2,,0,0.342,0.0,0.0,0.3,0.118,3.0,50.0,0.342,58.0,55.55555555555556,-25.0,16.666666666666664,1.0,0.7149203529842405,5.0,,0.0,4.5,,0.0,0
39977,R2024003,-13.0,33.33333333333333,0.398,2013.0,-22.0,0.0,21.84124538573751,1.0,4.090909090909091,-10.2,,0,0.575,0.0,0.0,0.0,0.575,0.0,83.33333333333334,-0.066,39.0,83.33333333333334,-8.0,11.11111111111111,1.0,0.6737716630790094,0.0,,0.0,1.5,,0.0,0
39997,R2024003,-11.0,66.66666666666666,-0.42700000000000005,2013.0,-18.0,0.625,18.227451824103117,0.0,4.0227272727272725,-13.4,,0,0.849,0.0,0.0,0.5,0.134,4.0,55.55555555555556,-0.195,50.0,63.888888888888886,-6.0,25.0,1.0,0.7872218936609645,5.0,,0.0,4.75,,1.0,0
40006,R2024003,-27.0,66.66666666666666,-0.145,2018.0,-7.0,0.125,16.334013591276335,3.0,4.136363636363637,-16.6,,0,0.241,0.0,0.0,0.125,0.241,1.0,72.22222222222221,0.061,50.0,55.55555555555556,-19.0,22.22222222222222,1.0,0.7319250547113998,1.0,,0.0,3.5,,1.0,0
40026,R2024003,-1.0,58.333333333333336,0.43299999999999994,2014.0,5.0,0.75,13.888444437333106,0.0,3.909090909090909,-2.6,,1,0.69,0.0,0.0,0.125,-0.2,1.0,52.77777777777778,-0.257,9.0,72.22222222222221,-17.0,13.88888888888889,1.0,0.822226451793038,6.0,,1.0,4.0,,1.0,0
40058,R2024003,-4.0,25.0,,2014.0,-9.0,0.0,18.239152027072603,0.0,3.9318181818181817,-5.0,,0,,0.0,0.0,0.0,,0.0,86.11111111111111,,,66.66666666666666,-12.0,22.22222222222222,0.0,0.7108316890381612,0.0,,0.0,2.75,,0.0,0
40098,R2024003,-10.0,58.333333333333336,0.863,2013.0,-22.0,0.3333333333333333,21.510172012329424,8.0,3.9545454545454546,-10.0,,0,0.666,0.0,0.0,0.0,0.374,0.0,55.55555555555556,0.666,29.0,72.22222222222221,0.0,16.666666666666664,2.0,0.7861028854284109,2.0,,0.0,4.75,,1.0,0
40115,R2024003,-19.0,16.666666666666664,-0.549,2013.0,-9.0,0.0,15.138939857202683,0.0,3.9545454545454546,-9.2,,0,0.092,0.0,0.0,0.0,-0.008,0.0,88.88888888888889,0.092,,83.33333333333334,5.0,11.11111111111111,1.0,0.7319250547113999,0.0,,0.0,1.5,,1.0,0
40162,R2024003,-15.0,33.33333333333333,0.33299999999999996,2013.0,-1.0,0.125,19.3778223750761,0.0,3.9545454545454546,-7.8,,0,0.579,0.0,0.0,0.125,0.329,1.0,69.44444444444444,-0.246,50.0,58.333333333333336,-17.0,16.666666666666664,0.0,0.7609400330901979,1.0,,0.0,3.75,,0.0,0
45242,R2024003,-1.0,66.66666666666666,,2018.0,-27.0,0.3333333333333333,25.249862485874168,0.0,4.136363636363637,-8.4,,0,,0.0,0.0,0.0,,0.0,72.22222222222221,,,38.88888888888889,-10.0,27.77777777777778,2.0,0.8600479868487221,3.0,,0.0,4.5,,1.0,0
45522,R2024003,-17.0,58.333333333333336,-1.524,2019.0,-28.0,0.2222222222222222,21.283796653792763,5.0,4.0,-12.4,,1,-0.002,0.0,0.0,0.1111111111111111,-1.105,1.0,66.66666666666666,-0.002,,50.0,-2.0,27.77777777777778,2.0,0.8049144823791294,2.0,,1.0,4.5,,1.0,0
45609,R2024003,-2.0,75.0,-1.971,2015.0,-5.0,0.0,25.311394008759507,0.0,4.045454545454546,-9.4,,0,0.427,,,0.0,0.279,0.0,58.333333333333336,-0.375,,69.44444444444444,-18.0,16.666666666666664,1.0,0.6829009281156991,0.0,,0.0,3.75,,1.0,0
46046,R2024003,-11.0,50.0,0.978,2014.0,-25.0,1.0,5.329165037789691,1.0,3.772727272727273,-18.0,,0,1.027,0.3333333333333333,1.0,0.4,0.787,2.0,47.22222222222222,0.015,1.0,63.888888888888886,-21.0,27.77777777777778,4.0,0.7985707106879772,5.0,,0.0,6.25,,2.0,0
46414,R2024003,-12.0,50.0,0.515,2017.0,-6.0,0.5714285714285714,13.534677683639163,5.0,3.8181818181818183,-6.6,,0,0.671,0.0,0.0,0.14285714285714285,-0.136,1.0,66.66666666666666,0.671,42.0,50.0,-10.0,27.77777777777778,0.0,1.2041594578792296,4.0,,0.0,5.0,,0.0,0
46441,R2024003,-12.0,50.0,0.040000000000000036,2014.0,-6.0,0.0,15.57776192739723,0.0,4.068181818181818,-7.4,,0,0.332,0.0,0.0,0.0,-0.188,0.0,66.66666666666666,0.332,53.0,69.44444444444444,-11.0,19.444444444444446,0.0,0.7346499065085493,0.0,,0.0,3.25,,0.0,0
46442,R2024003,-9.0,50.0,,2014.0,-6.0,0.375,9.781998773256925,0.0,3.840909090909091,-6.2,,1,,0.0,0.0,0.375,,3.0,66.66666666666666,,,58.333333333333336,-4.0,27.77777777777778,0.0,0.7071067811865476,3.0,,1.0,4.75,,0.0,1
47347,R2024003,-16.0,33.33333333333333,-0.6829999999999999,2018.0,-11.0,0.375,10.44030650891055,0.0,3.909090909090909,-11.4,,0,0.13,0.0,0.0,0.125,-0.493,1.0,69.44444444444444,-0.472,23.0,50.0,-6.0,25.0,0.0,0.833098558477756,3.0,,1.0,4.5,,0.0,0
47420,R2024003,7.0,58.333333333333336,,2015.0,-3.0,0.4,31.584102892999123,0.0,4.0,-0.8,,0,,0.0,0.0,0.1,,1.0,63.888888888888886,,,75.0,2.0,22.22222222222222,1.0,0.822226451793038,4.0,,0.0,4.0,,1.0,0
47504,R2024003,-10.0,33.33333333333333,0.31499999999999995,2015.0,-18.0,0.375,9.662297863344929,0.0,3.727272727272727,-13.8,,0,0.692,0.0,0.0,0.125,0.59,1.0,72.22222222222221,-0.377,6.0,63.888888888888886,-25.0,30.555555555555557,3.0,0.7048901400545803,3.0,,1.0,4.75,,0.0,0
47591,R2024003,-22.0,58.333333333333336,,2021.0,-20.0,0.2727272727272727,3.2015621187164243,0.0,3.977272727272727,-12.0,,0,,0.0,0.0,0.09090909090909091,,1.0,69.44444444444444,,,55.55555555555556,4.0,27.77777777777778,0.0,0.6907334334287997,3.0,,0.0,4.0,,0.0,0
47679,R2024003,0.0,66.66666666666666,,2020.0,-4.0,0.3333333333333333,12.498888839501783,6.0,4.136363636363637,1.8,,0,,0.0,0.0,0.0,,0.0,66.66666666666666,,,72.22222222222221,2.0,16.666666666666664,0.0,0.6087979308727327,2.0,,0.0,2.5,,0.0,0
47983,R2024003,-12.0,16.666666666666664,0.10800000000000004,2015.0,-1.0,0.0,25.315783394730033,0.0,3.9545454545454546,-4.8,,0,0.546,0.0,0.0,0.0,-1.993,0.0,66.66666666666666,-0.438,,72.22222222222221,-8.0,22.22222222222222,0.0,0.9241040276766755,0.0,,0.0,3.0,,0.0,0
47988,R2024003,-15.0,25.0,0.39599999999999996,2015.0,-8.0,0.0,8.908422980528035,0.0,3.9545454545454546,-9.0,,0,0.569,0.0,0.0,0.0,0.084,0.0,63.888888888888886,0.569,42.0,72.22222222222221,-4.0,16.666666666666664,0.0,0.9242642889040715,0.0,,0.0,3.25,,0.0,0
47993,R2024003,-19.0,58.333333333333336,-0.14400000000000002,2015.0,-15.0,0.625,14.56845908117945,0.0,4.0,-15.0,,0,0.176,0.0,0.0,0.125,-0.148,1.0,66.66666666666666,-0.32,59.0,63.888888888888886,-10.0,19.444444444444446,2.0,0.810605562003987,5.0,,1.0,4.0,,2.0,0
48117,R2024003,4.0,58.333333333333336,0.863,2017.0,-19.0,0.0,9.325234581499814,3.0,3.9318181818181817,-6.6,,0,0.776,0.0,0.0,0.0,0.068,0.0,72.22222222222221,0.087,23.0,77.77777777777779,-10.0,22.22222222222222,0.0,0.721755597422019,0.0,,1.0,3.5,,0.0,0
48867,R2024003,-21.0,0.0,,2019.0,0.0,0.3333333333333333,,0.0,4.181818181818182,-5.4,,0,,0.0,0.0,0.1111111111111111,,1.0,61.111111111111114,,,72.22222222222221,-9.0,11.11111111111111,1.0,0.892650769800484,3.0,,1.0,1.5,,1.0,0
48887,R2024003,8.0,58.333333333333336,1.607,2017.0,-7.0,0.0,11.469767022723502,11.0,4.0227272727272725,-5.6,,0,1.549,0.0,0.0,0.0,-1.635,0.0,52.77777777777778,1.549,,61.111111111111114,-12.0,19.444444444444446,0.0,0.742199919074911,0.0,,1.0,4.0,,0.0,0
49771,R2024003,-11.0,50.0,0.8260000000000001,2017.0,-15.0,0.2222222222222222,14.4138821973818,0.0,4.0,-16.6,,0,0.765,0.0,0.0,0.0,0.252,0.0,61.111111111111114,0.061,23.0,50.0,-23.0,22.22222222222222,2.0,0.7319250547113998,2.0,,1.0,3.5,,1.0,0
49947,R2024003,6.0,50.0,0.14900000000000002,2016.0,-20.0,0.3333333333333333,18.128430709799456,0.0,4.0227272727272725,-3.6,,0,0.86,0.0,0.0,0.2222222222222222,0.716,2.0,72.22222222222221,-0.318,14.0,66.66666666666666,1.0,27.77777777777778,0.0,0.8163767809738969,3.0,,0.0,3.75,,0.0,0
50188,R2024003,5.0,58.333333333333336,,2021.0,-8.0,0.0,10.012492197250394,2.0,3.977272727272727,-4.2,,1,,0.0,0.0,0.0,,0.0,61.111111111111114,,,52.77777777777778,-2.0,27.77777777777778,0.0,0.7691224192380871,0.0,,1.0,4.5,,0.0,0
50497,R2024003,,16.666666666666664,,2022.0,10.0,0.0,,0.0,3.9318181818181817,,,0,,0.0,0.0,0.0,,0.0,72.22222222222221,,,66.66666666666666,-11.0,11.11111111111111,0.0,0.7535777990476679,0.0,,1.0,2.75,,0.0,0
51070,R2024003,0.0,33.33333333333333,,2023.0,-6.0,0.0,9.273618495495704,1.0,4.090909090909091,0.4,,0,,0.0,0.0,0.0,,0.0,61.111111111111114,,,66.66666666666666,7.0,16.666666666666664,0.0,0.6963624307217003,0.0,,0.0,2.5,,0.0,0
51287,R2024003,,50.0,,2022.0,-9.0,0.25,11.189280584559492,4.0,4.090909090909091,,,0,,0.0,0.0,0.25,,2.0,66.66666666666666,,,55.55555555555556,-23.0,27.77777777777778,2.0,0.8409178658720822,2.0,,0.0,4.0,,0.0,0
51349,R2024003,-11.0,50.0,,2023.0,-4.0,0.2222222222222222,16.896745248715803,2.0,4.090909090909091,-9.6,,0,,0.0,0.0,0.1111111111111111,,1.0,55.55555555555556,,,61.111111111111114,-11.0,16.666666666666664,0.0,0.9098229375970787,2.0,,0.0,3.5,,0.0,0
51634,R2024003,-20.0,50.0,1.602,2017.0,-1.0,0.1111111111111111,24.107830678018296,0.0,3.840909090909091,-11.6,,1,1.189,0.0,0.0,0.0,-0.197,0.0,52.77777777777778,0.413,39.0,72.22222222222221,0.0,22.22222222222222,2.0,0.7950108511970932,1.0,,0.0,5.5,,1.0,1
51766,R2024003,-16.0,41.66666666666667,0.976,2017.0,-19.0,0.42857142857142855,14.675149062275313,0.0,4.090909090909091,-13.4,,0,0.579,0.0,0.0,0.0,0.492,0.0,77.77777777777779,0.397,10.0,61.111111111111114,-17.0,16.666666666666664,2.0,0.7180873569901998,3.0,,3.0,2.5,,2.0,0
51890,R2024003,-1.0,16.666666666666664,0.202,2018.0,-4.0,0.25,25.48637980482037,0.0,4.090909090909091,-9.2,,0,0.14,0.0,0.0,0.125,0.018,1.0,77.77777777777779,0.062,57.0,77.77777777777779,-21.0,11.11111111111111,1.0,0.7171371656006361,2.0,,0.0,1.5,,0.0,0
51894,R2024003,-17.0,16.666666666666664,-1.6079999999999999,2020.0,3.0,0.1111111111111111,11.264496832477201,0.0,4.318181818181818,-10.2,,0,0.217,0.0,0.0,0.0,-0.159,0.0,50.0,0.217,,77.77777777777779,-18.0,5.555555555555555,1.0,0.8106434833777776,1.0,,0.0,1.5,,0.0,0
51997,R2024003,-11.0,33.33333333333333,,2018.0,2.0,0.3,14.0,0.0,3.9318181818181817,-3.2,,1,,0.0,0.0,0.1,,1.0,66.66666666666666,,,58.333333333333336,0.0,25.0,0.0,0.7959944715562062,3.0,,2.0,4.25,,0.0,1
52215,R2024003,-14.0,33.33333333333333,,2019.0,-7.0,0.5714285714285714,29.101355447622865,3.0,4.045454545454546,-2.4,,0,,0.0,0.0,0.2857142857142857,,2.0,61.111111111111114,,,77.77777777777779,-5.0,5.555555555555555,1.0,0.6299407883487121,4.0,,1.0,2.0,,1.0,0
52372,R2024003,-9.0,33.33333333333333,-1.125,2017.0,-1.0,1.0,22.0,0.0,4.090909090909091,-6.2,,0,0.055,0.0,0.0,0.0,-0.673,0.0,83.33333333333334,-1.18,67.0,72.22222222222221,-5.0,11.11111111111111,0.0,0.7319250547113998,1.0,,1.0,1.5,,0.0,0
52374,R2024003,-13.0,66.66666666666666,-0.9700000000000001,2019.0,-11.0,0.16666666666666666,15.368392889303683,0.0,4.090909090909091,-9.8,,0,0.734,0.0,0.0,0.03333333333333333,0.21,1.0,66.66666666666666,-0.033,50.0,55.55555555555556,-11.0,16.666666666666664,0.0,0.7538262188687576,5.0,,0.0,3.5,,0.0,0
52375,R2024003,-4.0,33.33333333333333,-0.872,2018.0,0.0,0.25,,0.0,3.8863636363636362,-5.0,,1,0.708,0.0,0.0,0.0,0.708,0.0,75.0,-0.118,49.0,61.111111111111114,-10.0,27.77777777777778,0.0,0.7547450315158153,2.0,,1.0,4.0,,0.0,1
52513,R2024003,-20.0,50.0,,2021.0,-1.0,0.125,25.955490748587284,0.0,4.0227272727272725,-9.8,,0,,0.0,0.0,0.125,,1.0,63.888888888888886,,,63.888888888888886,-21.0,13.88888888888889,1.0,0.792669861043801,1.0,,1.0,3.75,,0.0,0
52666,R2024003,6.0,41.66666666666667,,2021.0,5.0,0.14285714285714285,14.055445761538678,6.0,3.977272727272727,2.6,,0,,0.0,0.0,0.0,,0.0,63.888888888888886,,,61.111111111111114,-4.0,27.77777777777778,0.0,0.9239467632300332,1.0,,1.0,4.25,,0.0,0
54421,R2024003,-12.0,58.333333333333336,0.294,2021.0,2.0,0.5,26.144895401503437,6.0,4.0,-5.8,,0,0.782,0.0,0.0,0.0,0.065,0.0,58.333333333333336,0.619,21.0,52.77777777777778,-8.0,25.0,0.0,0.8547711991035387,1.0,,0.0,4.75,,0.0,0
54591,R2024003,-18.0,41.66666666666667,,2019.0,-24.0,0.2727272727272727,20.327014045353536,0.0,3.8863636363636362,-11.0,,0,,0.0,0.0,0.2727272727272727,,3.0,83.33333333333334,,,61.111111111111114,-1.0,25.0,2.0,0.712068994916312,3.0,,0.0,3.5,,0.0,0
54628,R2024003,0.0,33.33333333333333,-0.16100000000000003,2019.0,-11.0,0.4,17.21110752456745,0.0,4.0,-5.0,,0,0.761,0.0,0.0,0.4,-0.888,2.0,55.55555555555556,0.761,,77.77777777777779,-2.0,11.11111111111111,0.0,0.7928249671720918,2.0,,0.0,2.5,,0.0,0
54783,R2024003,-13.0,50.0,,2020.0,-8.0,0.0,8.219218670625303,0.0,4.136363636363637,-5.8,,0,,0.0,0.0,0.0,,0.0,66.66666666666666,,,38.88888888888889,-4.0,38.88888888888889,0.0,0.9373214115613857,0.0,,0.0,4.5,,0.0,0
55182,R2024003,-6.0,75.0,0.7200000000000001,2020.0,-14.0,0.125,16.08376510646683,7.0,4.0,-11.6,,0,0.812,0.0,0.0,0.125,-0.018,1.0,69.44444444444444,-0.092,50.0,55.55555555555556,-11.0,30.555555555555557,1.0,0.6637259083214635,1.0,,1.0,4.25,,1.0,0
55454,R2024003,-20.0,33.33333333333333,,2019.0,-16.0,0.0,30.169889330626027,0.0,4.636363636363637,-9.6,,0,,0.0,0.0,0.0,,0.0,44.44444444444444,,,11.11111111111111,-6.0,5.555555555555555,2.0,0.8947924869885988,0.0,,0.0,1.0,,2.0,0
55708,R2024003,-1.0,66.66666666666666,-0.8390000000000001,2019.0,-9.0,0.0,,0.0,4.045454545454546,-1.0,,0,0.448,0.0,0.0,0.0,-0.155,0.0,58.333333333333336,-0.68,29.0,66.66666666666666,0.0,30.555555555555557,0.0,0.7872218936609645,0.0,,0.0,4.5,,0.0,0
55789,R2024003,-18.0,58.333333333333336,-0.152,2019.0,-13.0,0.14285714285714285,20.262280227062305,0.0,3.9318181818181817,-11.4,,0,0.001,0.0,0.0,0.0,-0.107,0.0,66.66666666666666,-0.153,,63.888888888888886,-8.0,22.22222222222222,1.0,0.8665899207623079,1.0,,0.0,4.25,,0.0,0
55893,R2024003,6.0,41.66666666666667,,2022.0,-10.0,0.2,15.896147331979533,0.0,3.8636363636363638,-3.6,,0,,0.0,0.0,0.1,,1.0,61.111111111111114,,,63.888888888888886,-11.0,19.444444444444446,0.0,0.8558004242796232,2.0,,0.0,4.5,,0.0,0
56630,R2024003,-12.0,16.666666666666664,,2019.0,-12.0,0.5714285714285714,10.688779163215974,0.0,4.090909090909091,-13.2,,0,,0.0,0.0,0.42857142857142855,,3.0,66.66666666666666,,,66.66666666666666,-12.0,22.22222222222222,0.0,0.8600479868487221,4.0,,0.0,2.0,,0.0,0
56762,R2024003,-18.0,50.0,-1.5570000000000002,2019.0,-8.0,0.125,18.533752992850637,0.0,4.0,-9.8,,0,0.162,0.0,0.0,0.125,-0.856,1.0,77.77777777777779,-1.235,,61.111111111111114,-9.0,22.22222222222222,0.0,0.9964221709983891,1.0,,0.0,3.5,,0.0,0
57362,R2024003,-17.0,33.33333333333333,-0.6819999999999999,2019.0,-8.0,0.2222222222222222,11.882760622010357,0.0,4.136363636363637,-13.2,,0,-0.012,0.0,0.0,0.0,-0.58,0.0,72.22222222222221,-0.587,64.0,72.22222222222221,-19.0,11.11111111111111,1.0,0.7928249671720918,2.0,,0.0,2.0,,0.0,0
57366,R2024003,-13.0,66.66666666666666,-0.756,2019.0,-5.0,0.2222222222222222,18.72965562950905,0.0,3.8181818181818183,-9.8,,1,0.913,0.0,0.0,0.1111111111111111,-0.307,1.0,66.66666666666666,-0.419,64.0,55.55555555555556,-18.0,27.77777777777778,0.0,0.6816106764429395,2.0,,0.0,5.25,,0.0,0
57975,R2024003,-3.0,50.0,,2020.0,-8.0,0.3333333333333333,,0.0,4.0,-4.8,,0,,0.0,0.0,0.2222222222222222,,2.0,58.333333333333336,,,47.22222222222222,-8.0,25.0,0.0,0.8770237049417388,3.0,,2.0,4.25,,0.0,0
58168,R2024003,-18.0,66.66666666666666,-1.0939999999999999,2020.0,-6.0,0.2222222222222222,18.6748493969831,0.0,3.909090909090909,-11.2,,0,0.625,0.0,0.0,0.1111111111111111,-1.561,1.0,55.55555555555556,-0.14,,55.55555555555556,-20.0,30.555555555555557,0.0,0.7679770389760141,2.0,,0.0,5.5,,0.0,0
59095,R2024003,-10.0,16.666666666666664,,2022.0,-4.0,0.2,7.5,0.0,4.136363636363637,-3.0,,0,,0.0,0.0,0.0,,0.0,61.111111111111114,,,72.22222222222221,-5.0,11.11111111111111,0.0,0.9098229375970786,2.0,,0.0,3.0,,0.0,0
